note_id,user_id,title,content,tags,file_paths,created_at,updated_at
fb55797b-6b84-421c-bbf9-1648a879974f,d42b4bff-581d-4fb0-8c68-fe72075f1698,Machine Learning Basics Project Overview,"# Machine Learning Basics Project

## Overview
- Brief description of the project's purpose and scope.

## Objectives
- Introduce fundamental machine learning concepts.
- Provide hands‑on experience with data preprocessing, model building, and evaluation.
- Deliver a reproducible workflow using open‑source tools.

## Core Concepts
- **Supervised Learning** – classification and regression.
- **Unsupervised Learning** – clustering and dimensionality reduction.
- **Reinforcement Learning** – basic agent‑environment interaction.
- **Model Evaluation** – accuracy, precision, recall, F1‑score, ROC‑AUC.

## Tools & Libraries
- Python
- scikit‑learn
- TensorFlow / PyTorch
- Jupyter Notebook
- pandas, NumPy, matplotlib, seaborn

## Project Plan
| Phase | Description | Duration |
|-------|-------------|----------|
| 1. Data Collection | Gather publicly available datasets (e.g., Iris, MNIST, Titanic) | 1 week |
| 2. Preprocessing | Clean, explore, and split data into training/validation sets | 1 week |
| 3. Model Development | Build baseline models (logistic regression, decision tree) and experiment with advanced models (random forest, neural network) | 2 weeks |
| 4. Evaluation | Apply cross‑validation, hyperparameter tuning, and performance reporting | 1 week |
| 5. Documentation | Compile notebooks, write a final report, and prepare presentation slides | 1 week |

## Key Deliverables
- Dataset summary and preprocessing scripts.
- Jupyter notebooks containing code for each phase.
- Model performance report with visualizations.
- Final presentation slides summarizing findings and lessons learned.

## Risks & Mitigations
- **Data quality issues** – Perform thorough exploratory data analysis and cleaning.
- **Overfitting** – Use cross‑validation and regularization techniques.
- **Resource constraints** – Leverage cloud‑based notebooks (e.g., Google Colab) for compute‑intensive tasks.

## Key Takeaways
- Solid grasp of fundamental machine learning concepts.
- Practical experience with popular ML libraries and a reproducible workflow.
- Ability to evaluate, tune, and communicate model results effectively.","machine learning, basics, project, AI, data science",,2026-09-14T16:10:26.742201+00:00,
